11000038876_c84711298d_o	10999925525_e33743abd0_o	11000006836_38c4aa8631_o	10999945405_3fcde44b36_o	11000040546_7dac641dbc_o	11000076054_92286a6edf_o	11000141603_d4fd155e8a_o	11000148923_b315ddcb85_o	10999928275_e2b04771bc_o	11000098404_fb25d9b77d_o	11000163783_8d54d62a8f_o	11000133233_659ce9dcd0_o	11000075304_998c1e6fda_o	10999995026_894837a404_o	11000034256_d7b128940b_o	11000171843_d5d2028063_o	11000006256_fd058c1f6e_o	11000039106_20f19ed5ea_o	11000064144_6949b69905_o	11000173063_06fda6af9d_o	10999941785_cdf1517e45_o	10999931035_b0ed2b77a0_o
10999203985_8776d0263e_o	10999432223_7b0176db57_o	10999069486_85e182698a_o	10999062654_8337d38cde_o	10999542595_d15cbe1768_o	10998717405_b3e563d431_o	10999693874_7233de49e9_o	10998684515_f0155ba2c6_o	10999536605_f66f17a4d4_o	10999405374_9c0b022b42_o	10999540315_617dcb0d15_o	10999296956_59db283fbf_o	10999752773_cd7709de6d_o	10999788765_bc71c8cc87_o	10999549236_15c23cee90_o	10999738103_6a486bee26_o	10998463286_24e9c06e22_o
10999447216_8e9214c175_o	10999489916_28c1660ec5_o	10999409675_22f2349536_o	10999471276_fd8f96363b_o	10999710693_ac87935947_o	10999568974_c1584f20be_o	10999642223_8cbea86a0a_o	10999502146_d6bb09d981_o	10999599183_2abe08c62f_o	10999634483_f8e066fd4f_o	10999374645_b1bdc96db0_o	10999512724_e3425f0d15_o	10999451126_98d9fc1637_o	10998768455_4f17f8d908_o	10999869474_1c3235cf83_o	10999799796_357a1a986a_o
10999864634_e339bd3f54_o	10998659146_7c3e3009be_o	10998576425_a11f32db5e_o	10998535805_8a5fe75d80_o	10998721764_e1a6a7b47b_o	10998854535_dbfcc4a406_o	10998897326_e80262de45_o	10998625196_24c7633b14_o	10998549595_27db775ef1_o	10999994065_85164a4b89_o	10999995355_8a8bbb67ab_o	10998605816_4b0f8cb6a9_o	10999153596_02780c8402_o	10998907774_2c68536a92_o	10998893815_4daf505923_o
10999414223_be97a66b8a_o	10999291256_c436e85eaf_o	10999370774_176e128cc9_o	10999415693_82833c42a0_o	10998700045_a3fd209509_o	10999186883_812be7be53_o	10999388414_a068146148_o	10999223575_48409196cb_o	10999385144_773a0a7713_o	10999455433_17a0db32b6_o	10999331016_f38587d62e_o	10999407593_d7201dda87_o	10999709084_3b9fc69c25_o	10998468063_0d894db1cc_o
10999675525_da13f6fbb3_o	10999755934_a8744d630a_o	10998524815_901ec867c4_o	10999704953_121aa4745f_o	10999251235_b5c4fef488_o	10998740953_5729716142_o	10998609656_9b4ecdd672_o	10998435445_e7bcbb1158_o	10998258625_1a718ee12b_o	10998470185_f6e435c759_o	10998194445_10b22c0c2a_o	10998924353_4f3f18780f_o	10999913684_9d1458572b_o	10999331104_66f9f55cff_o
10998724815_a919b36f79_o	10998680016_d34a12122e_o	10998375794_b02802cd0e_o	10999431165_0eb2710c5e_o	10999056363_06f0e40088_o	11000032396_bb74befe52_o	10998445933_362b16e822_o	10998278116_ea25526aef_o	10998364314_6161df56f4_o	10999906973_74efcc83fc_o	10999706404_25a1546c62_o	10999416466_50b00067c2_o	10999119554_c184aba4b2_o	11000066726_8cf734aa9a_o
10999563424_4374405955_o	10999498776_851aa8e0ed_o	10999226354_ff7eb0798a_o	10999505946_5043901cae_o	10999450826_ddc65a1004_o	10999406625_2c56bbecd1_o	10999653283_460cd03253_o	10999382015_0fb48c50a4_o	10999611933_138d5d191d_o	10999585624_d5571c960b_o	10999235224_f597137a9e_o	10998493693_c3fa121649_o	10999605363_17f6d293f5_o
10998509326_5e5548444a_o	10999804273_38eb32012b_o	10998304774_47dff711b8_o	10998911573_4aeafbd9c2_o	10998284644_63a162a7a6_o	10998788226_a59fc303d7_o	10998526496_c99da7e2bc_o	10998648593_bf64c1ee91_o	10998759386_ded9c06967_o	10998461495_b6ccece7ea_o	10999778816_2e9bd0070b_o	10999763765_72a2221efc_o	10998496673_44a9b6956f_o
10999070484_94d85d781f_o	10998353246_32e709d66a_o	10999202774_26a197841a_o	10999650935_16c3964e27_o	10999680593_8e3ede1508_o	10999041344_4d4e49ca1d_o	10998730283_4f79247037_o	10999008966_2def792915_o	10998546166_2a49e9b216_o	10998998894_7d7aac740e_o	10998910656_51a9052594_o	10999900416_c9307c61c8_o	10998996085_048a1201c4_o
10999331565_177c83aa3c_o	10999572846_396f803614_o	10999165456_6649a14ece_o	10998857066_8e73d5d435_o	10999929986_d4a4532f0b_o	10998723705_2a7b67d692_o	10998823906_008dab0635_o	10998918685_441d71d435_o	10999881564_59390cc3c9_o	10999563593_9ae75b4062_o	10998750326_db784fe58b_o	10999506663_aab5ef4659_o	10999492216_d0cb212eb3_o
10998872394_65203d6f6b_o	10998586883_34cd3fb953_o	10998465674_2519e716ef_o	10999137396_f2179c593e_o	10998572205_2647ab4313_o	10999615576_0b234b72e2_o	10999711524_a74362a121_o	10998873086_f83f7daa3a_o	10999934033_e525a36f5f_o	10998491934_6f8df7c732_o	10998687976_f1199ee512_o	10998957443_c5b5d21260_o	10999738116_572b7a2206_o
10999628693_3fd21ec623_o	10999617833_3558eca29a_o	10999424625_826527671d_o	10999635903_361a41761e_o	10999533664_d3192ff646_o	10999561834_98ef1489c1_o	10999237814_5628dbb868_o	10999581543_aaf70409b5_o	10999665156_c252d3cea8_o	10999588873_689e3e1b0a_o	10999074963_f7b34e0ca8_o	10999695363_8cb15ac20b_o
10999512503_b8509e2b82_o	10998501035_8f3dd9b918_o	11000156894_8943fed7c8_o	10998337066_66174b40e4_o	10998357034_228bfa49ba_o	11000211803_4615777881_o	10998598674_0242f5d142_o	10998532375_4c7ab2d8b2_o	10998502586_24858f715a_o	10998444034_f34184ef0b_o	10998310866_13bb875c07_o	10999960363_074a98f5fd_o
10998246815_ee02a2ce38_o	10998829833_ee271b6f93_o	10998259585_5fdae0c320_o	10998201815_eab541022d_o	10998433645_ac663400e8_o	10998444225_062ee77c8c_o	10998745813_63e6bbaa6b_o	10998489285_88e1ae2840_o	11000091374_c8af50fe88_o	10998692033_a47ab0c4a1_o	10998487305_1cf8627d9e_o	10998657235_3a2668f60d_o
10999597914_141df59c6c_o	10999459045_abb11c05ca_o	10998739903_f0f94f569c_o	10999684683_084ee922bd_o	10998362906_18a16eef52_o	10998876934_d8e267888f_o	10999600424_ec9a20cb70_o	10999639614_76d23edff4_o	10998440473_3968b2887b_o	10998827566_5edd3eaa7a_o	10999531286_8eabb25134_o	10998584843_e45ea59b76_o
10998575864_8c7d7a8407_o	10998307633_08fe95dcb6_o	10999453085_e30bea23d0_o	10998927876_a675135763_o	10998667804_527d60dc52_o	10999177853_2fbfb3c752_o	10998804024_c8f750037e_o	10999041045_808ec80016_o	10998419773_45723276b5_o	10998563475_38c4dda0b2_o	10999234876_1e626ab7e0_o	10998517714_34e290ea9b_o
10998309096_cefb63a56a_o	10998248665_871e5cc464_o	10998887115_f774903180_o	10999988063_bcba82fdb6_o	10998477863_ab56c84ec7_o	10998864205_8b3b560385_o	10999317654_b163278343_o	10998095795_483363ebc7_o	10998270075_eec3226588_o	10998362803_3ed2d5e0d4_o	10998347016_33a016774b_o
10999589823_02f53cd2cb_o	10999582184_e9d9d29523_o	10999644183_fe94ac2089_o	10999592674_eb7c17fde1_o	10999654263_bf18a3a94f_o	10999591843_b0b12b205a_o	10999550974_a3a67e920a_o	10999577073_9fe57344f9_o	10999398915_8b468b3846_o	10999654813_b74e0da561_o	10999630513_c3c25b91bb_o
10998912235_ab250f4fcb_o	10999168953_e7cb7cc300_o	10998391784_725469b15d_o	10998987716_982653afd9_o	10998996094_4fd123d475_o	10999659626_51e8b16d5b_o	10998915275_206393e1de_o	10998999636_ffe50e2e76_o	10999204633_0cdd1cb638_o	10999160024_b18452a5d2_o	10998928265_db3013551d_o
10998290254_0a59680dae_o	10998315734_b85a77624d_o	10998343584_47fdc3d110_o	10998272906_778ede44dc_o	10999567095_7a829b0146_o	11000153004_5c909f381e_o	10998293346_2e64c7d5c0_o	10999830214_8fcd1d8ed7_o	10998831583_f66a97c722_o	10999566466_e921a97a4f_o
10998379605_623b465225_o	10999040375_b3444a4cba_o	10998450394_9473c29a02_o	10998220646_0a4d5d0266_o	10998558614_5c7157e71d_o	10999503686_f8ef3b0e43_o	10998372584_2a7c7abe4e_o	10998169825_b085a9bdc0_o	10999582095_6353479992_o	10998275306_4f25728487_o
10999515624_ce6e1c3c75_o	10999443315_d35640dbf2_o	10999486056_100ab6fb7b_o	10999552404_40c4bfdf9c_o	10999793413_a71dced3fe_o	10999632253_616eb4fd88_o	10998865296_cb00afbbac_o	10999430696_aea42c4722_o	10998936545_a2c083f937_o	10999746726_e2034e85ac_o
10999489443_f6c21d9db9_o	10998899505_66f7a572a6_o	10999451534_a981573fc5_o	10999162333_1f6aa127c3_o	10998837415_2fef3363cc_o	10999034803_243a7f5c5d_o	10999214683_63c03a1cdf_o	10999137483_13c762439a_o	10999008104_8984c7df8c_o	10998100245_835ea9f601_o
10999678466_018fd576e4_o	10999808833_c85e529343_o	10999826393_634a05d01a_o	10999774294_620592747b_o	10999612375_9fe2f20c4e_o	10999684336_d97e1da320_o	11046638724_d2ef9b484f_o	10999631965_698f0a8131_o	10999751594_60d28c3063_o	10999786134_8f2dd69e6e_o
11000030066_b901d0c18e_o	10999565703_847ed5e40d_o	10999765916_7a5aaacbb7_o	10998996414_436587759c_o	10999476353_22b7328fa3_o	10999700155_d64c2567a4_o	10999030795_8fb0befdb7_o	10999849074_da5e0b058b_o	10999962683_7f8e6995fb_o	10998395175_596e52f5cd_o
10998580995_c9f5246d07_o	10998752713_4f85745420_o	10998674455_1be850753d_o	10999569195_b8ca69e63f_o	10998917234_bb5b37cfb0_o	10998741915_7472eaed9c_o	10998834026_f23ac9aa35_o	10998805683_b69474db60_o	10999115104_f9d8e9c95b_o	10999389646_184f4462eb_o
10998149745_7687b0c281_o	10998703263_5656b59aaf_o	10998747626_e44dcced1a_o	10998390784_1ddf321b91_o	10998263754_b674afdcb7_o	10999690025_21b0d86dee_o	10998222206_6189256080_o	11000039813_65af66d19d_o	10999176875_89711b9c4e_o	10998320963_60ff33e2a0_o
10998956986_8562fa1146_o	10998987266_b89eee720b_o	10999559005_e1e3e9a7a7_o	10999051053_04d8eac38d_o	10998984774_82689ebfef_o	10998840954_d63f4ed29a_o	10998254075_a94450e9c3_o	10999069984_0b1f6f6db3_o	10999076513_c82bfc71f5_o
11000029116_5a8458137b_o	10999899495_037a0759db_o	11000152113_5a4519c254_o	10999964266_f90064547c_o	10999562855_384e81933d_o	11000007066_c541a3dd76_o	11000120193_684ba012e4_o	10999982603_9a6fb5c6ce_o	10999571506_b51321f038_o
10999275795_56b414dbd0_o	10999267205_f9025d3ebb_o	10999669274_aed0c79a84_o	10999409254_635d0eda4c_o	10999566345_4895ca7d4c_o	10999262245_967075a4cc_o	10999814184_5ebe64c514_o	10999131284_1048c2be9d_o	10998515574_e2918f61ce_o
10998158515_34376f830a_o	10998938705_70ab3d7a12_o	10998910226_f24eb8e0be_o	10999267046_07867858d2_o	10999459103_ff81e309b1_o	10999238325_21fd2f27ce_o	10999561116_4732f0d084_o	10999142004_8708022bb7_o	10998755645_ec35b8a4ef_o
10998194966_02e5423670_o	10998352116_a61eff7be7_o	10998406544_80eb823c15_o	10998255065_8e2902a63e_o	10999398553_0b9cd16b01_o	10999199603_41e6008fd2_o	10998326775_b85f0fd311_o	10999257466_9e1206b47f_o	10999947264_36a9924511_o
10999409643_aff6ef611c_o	10999418813_94a9889450_o	10999275116_47d36a162b_o	10999208275_901682de38_o	10999737896_0c24cdcb50_o	10999318856_4b199a3653_o	10999221175_f962ee4d34_o	10999380024_f0716324d6_o	10999404614_9549206ea3_o
10998370046_46faffeecb_o	10999198236_0a7e6eacb5_o	10999450994_75157bf978_o	10999763073_6b5bea3cd1_o	10998955995_1a4527fe82_o	10998693015_df16c7c4fb_o	10999185075_cddc98f82a_o	10998821526_538bcf9506_o	11000079126_a35ae850bd_o
10999551016_bfea444b91_o	10998617795_0342da7699_o	10998379804_25f49b49b3_o	10999484365_24130d2c41_o	10998742736_0eebb847a7_o	10999302566_33e2cf00b0_o	10999496634_666a9f6dd1_o	10999509506_d21d9cf781_o	10998343823_6831f0275b_o
10999612653_019e692447_o	10999516914_5d0ff88a9f_o	10998876275_bcb074cefd_o	10999352425_da1896ccf7_o	10999567513_ed95d9488e_o	10999005533_277548064c_o	10999230294_842018dfbb_o	10999402945_d87e959d40_o	10999513634_4668a01dcc_o
10999264235_7a127228ce_o	10999478533_05bb6ee540_o	10999418424_f2e22f9fe9_o	10999410544_7c46f516d7_o	10999840425_fd1214312e_o	10999342186_9e1bf2cd84_o	10999801424_3a6485e8f7_o	10999356926_9b45f7f360_o	10999127985_9c9d92db7e_o
10999224485_6a37f1e124_o	10999314616_03dfed0ed2_o	10999446753_6a65926afe_o	10999194875_1c7419611c_o	10999391824_83c3d9bd5b_o	10999718444_078980b61a_o	10999227855_f5ba4807e0_o	10999247345_c0891ba095_o	10999447213_bf1119f618_o
10999200673_20a3bb6091_o	10999147216_96d9085283_o	10999296063_e1db44f22b_o	10998695194_567cec1fe4_o	10999485774_962844355a_o	10998674803_b1a1df1d50_o	10999349193_520a6dbf0f_o	10998492944_359563cb97_o	10999613796_747bdff280_o
10998122815_51c92cc817_o	10998271204_2626b94111_o	10999386503_10a9c842a6_o	10999922644_7ed95b2858_o	10999659285_1d58e49083_o	10999484514_c8d07325f4_o	10999519005_a3f027bfd9_o	10999005775_44d055c5f6_o
10998859196_b863e10978_o	10999216535_4cf2d07bee_o	10998996233_3d56f2c985_o	10999198305_7cda39e8a4_o	10998878594_b925db2eeb_o	10999398694_0f0d733964_o	10999161516_4bf9a7eb71_o	10998711334_27fbbb7954_o
10998190056_b35067b0ef_o	10998928003_18b2d5a04d_o	10998324864_27be432a97_o	10999775586_3f2329dd83_o	10998188435_d37300e0e5_o	10998614785_b803b8dbdf_o	10998943153_1da3ff308b_o	10998739454_c0d63426a2_o
10998228906_0dcb3770d5_o	10998233775_f468cc6119_o	10999629664_3a2aec8065_o	10999335626_2678b70143_o	10998262074_d6f83b5ba1_o	10999377055_d7de27d1e0_o	10999336985_42f06ff182_o	10998545014_b382832952_o
10999995655_fe27a27abb_o	10999921574_7acd5d5b63_o	10998921336_90da5b86b6_o	10999169133_010825f478_o	10999069423_1dfed698fc_o	10999015826_34c6b6d8e8_o	10999932975_80a0f33458_o	10999761633_f41c513ab4_o
10999492743_2a4c88d1e5_o	10999540615_c96354a825_o	10999038833_4b4086ca22_o	10999755583_275c32a1e6_o	10999279975_e61393e957_o	10999993474_d78f29fb97_o	10999767563_c798cca288_o	10998911634_4f26184d45_o
10999552136_d2297d3cc1_o	10999424324_aa3df76af0_o	10999482903_d5d847ccd1_o	10999890824_6fc1cd8402_o	10999542035_6e328a5599_o	10999727753_26f750db2d_o	10999253145_b4d442f523_o	10999020926_f7ff6d2708_o
10999044534_509a1730f7_o	10998485533_99a8375ac4_o	10998409584_1074555c0d_o	10998290296_eb4b2281ca_o	10998185195_dcd6d16f89_o	10998750405_61ef180045_o	10998244825_2aac8c65b5_o	10998280886_17ece34a04_o
10999912424_bdcacd6e97_o	10999718793_e4cc1d8521_o	10999176263_7bbf6f4762_o	10999038956_334231bd44_o	10999699205_2451cc2176_o	10999240856_233451f3c2_o	10999481355_84cd85fa9f_o	10999805764_799f2042cf_o
10998358295_ef9f404bdb_o	10998414856_f3e7cc118f_o	10998320265_a42c1babc6_o	10998323785_5051f3a077_o	10999650415_4faa79c59d_o	10998467726_6ac0e9f125_o	10998548693_83aa923709_o	10998530093_7a64390fba_o
10998373233_3607028693_o	10998195255_b7678b893d_o	10998879464_b16d8666d4_o	10998341254_38c419c715_o	10999049145_d9e1b2fb6b_o	10999741244_a02d4bc7bd_o	10998683414_2357a13417_o
10999836815_63a2c268c9_o	10998373303_8c02804c16_o	10998833696_14cabbdf3c_o	10999355306_596893841a_o	10999490303_513854eede_o	10998800006_f8d38e69b0_o	10999760703_16cc22e3a3_o
10999347245_8c8cb6997c_o	10999573993_551bfe57e5_o	10999397425_af1f3d737f_o	10999607463_2cbf10845a_o	10999576804_b009f01cc0_o	10999346785_0ba5f4b8d8_o	10999287693_34e87459b5_o
10998901883_64ea3bf7f5_o	10998661155_d8c1785477_o	10998833924_99e1ba42b0_o	10998456633_257ee53d98_o	10998935723_43a23aa311_o	10998436056_f4c231c176_o	10999440066_41e2fc73c7_o
10998833225_159fdfc413_o	10998945036_4a2ea40339_o	10999149203_c66bb43945_o	10999073874_643b169f83_o	10998903165_77414ab82b_o	10999032875_69ef7ff7ec_o	10999167934_7973422b90_o
10998535275_d05be0797a_o	10999711773_c057c20cde_o	10998910965_df5e0c26ed_o	10999034883_0c6b88ff07_o	10998867425_d613c4392d_o	10999855506_03a0a10a71_o	10998981235_452a480e58_o
10998340773_b3c2599a65_o	10998121025_708152d1b0_o	10998485623_a4b9050626_o	10999357216_9561dc78ce_o	10998535514_e39b1fd194_o	10999324723_eb8fa7d5b0_o	10998339926_7361423482_o
11000155224_4b2e9bfd44_o	10998870036_d88280c3f9_o	11000210893_335dee8657_o	11000152114_551839b72c_o	10998440236_75d21eaf89_o	10998403445_7361a38158_o	10999407576_d2f946ec1a_o
10999571736_219bf03798_o	10999784513_8970d22843_o	10999806683_09d3538c34_o	10999491495_462e20894f_o	10999556653_eba074f28c_o	10999472265_ab50afd39d_o	10999754093_132717b6b2_o
10998368676_3ec9e41c55_o	10999537944_df9b7a992b_o	10999298394_162122f0f2_o	10999529944_aeb97b6d97_o	10999414915_da5a2ee407_o	10999503813_5c884300ab_o	10998399995_5f7d51a619_o
10999463225_ee672db6f5_o	10999533026_d5db2e83df_o	10999622914_5a65b1e659_o	10999456085_90141fcbdf_o	10999620044_d52e8205ea_o	10999672033_0e29048a8f_o	10998285146_4da97c60c2_o
10998464845_1708c72c11_o	10998826154_cb8bdaa641_o	10999743304_a3cb64c3b2_o	10998478486_f109ccb3d6_o	10998417365_ea88a51068_o	10998505946_2358b4f059_o	10999449924_f030d4e2de_o
10999110793_ebe7764507_o	10998965033_fd6452c86f_o	10998845496_ca36dd1a35_o	10998834936_5d1d64ed3b_o	10998179785_466a37e09b_o	10998973983_91f461c788_o	10998368014_cec7ebc924_o
10999091375_f65523225d_o	10999959165_abc371b969_o	11000166423_70e65b3e4c_o	10998844566_81588f6ae2_o	10998251856_88217881aa_o	10999942645_19b987f407_o	10999554186_eae3e3faed_o
10998236625_6c2937856e_o	10998284025_06dc643820_o	10998425583_62689c5685_o	10998247815_bef30c839f_o	10999345344_9fbded79ac_o	11000025993_7d9eb2a791_o
10998271335_000c97526d_o	10999935715_335071094f_o	11000055506_424e240a75_o	10998716396_8bd5f2d5e6_o	10999985545_561c9d6bfe_o	10999051583_8bdd847eca_o
10999356226_7b93fd27d3_o	10999089626_2f2acac757_o	10998993725_f257770bbf_o	10998816015_31a360f022_o	10998946126_4bcdb35bf4_o	10999348356_7be1c9e0f1_o
10999304314_081674e3a0_o	10999113583_4c6ca5f0b5_o	10998898115_0cb10c0ca6_o	10999069094_84a39ff130_o	10999255696_c0336bbf8f_o	10998859965_2b6ea731f5_o
10999365883_7990d1061b_o	10999378473_0a88f63976_o	10999365183_326130590e_o	10999775044_3849988c8e_o	10999212285_423ae1202f_o	10999557886_7edbdf950e_o
10998269004_556e6c7452_o	10998688365_c3d6e5e0a8_o	10999386553_18390f7b27_o	10999222446_7f4da620d3_o	10999109805_38094642e6_o	10999528943_0714ed1a5e_o
10999289545_a11f97d556_o	10999075905_d35c93b6fb_o	10999545835_0b22b9aa93_o	10999043836_0826e27c48_o	10999171563_bc6be2fcae_o	10999397856_27a1e2710b_o
10999385573_8b9c81a35c_o	10998997773_c9439e58e9_o	10999152955_405541f85e_o	10999320623_c5221dff77_o	10999914683_0708fb6e76_o	10999135585_001e3072ae_o
10999994336_7b63b1f54b_o	10998755743_6c62b1ef66_o	10998814363_7e1eea5d46_o	10998561505_75a37fc69f_o	10998812083_ee39d74078_o	10999056686_53e009f8fe_o
10999726523_83c1c6958a_o	10999993454_95039291c9_o	10999831865_5418aac6ae_o	10998291444_46237f5a74_o	10999832345_7a9b387050_o
10998273384_492a39a6cf_o	10998363314_c8b731330a_o	10998209706_58b0f13ddc_o	10998228025_4d7706a7da_o	10998211495_acca4c1d1b_o
10999425445_a076afc823_o	10999470736_d571cd0076_o	10999394445_03afe2ec97_o	10999582063_83a558107a_o	10999127614_9f1a100fe7_o
10998686535_95301ab6c6_o	10999153405_7057dae478_o	10998832914_895d054ac6_o	10999264456_aeb4e09399_o	10999270564_f98c45ff8b_o
10998838186_f7fdf2c879_o	10998293194_2a708f84e0_o	10998196346_dbb4be3846_o	10998197366_9e5f8025bd_o	10998588363_bf43a49366_o
10999133345_3eab1553ce_o	10999245396_593e0cac04_o	10999227856_9ab721488f_o	10999324023_f99a173b1e_o	10998955503_da27cd9b16_o
10998223296_9f9feb282c_o	10998911736_5948166354_o	10998096905_60b65e863b_o	10999970195_16993256bb_o	10999418286_89cf986e3b_o
10999741554_4a7105e650_o	10999783084_2190023f67_o	10999638834_eeaf147d5a_o	10999901666_ea68dc9411_o	10999194203_5bfe3677c5_o
10998344025_acc5e59fe9_o	10998548763_d39b9144df_o	10999679655_178b262296_o	10998541313_cea013c674_o	10998530504_846e2f5a4f_o
10998521385_712323151a_o	10998974323_e372a0208f_o	10998515885_0a322a5f07_o	10998193406_819d576f90_o	10998191626_a6be2bcda8_o
10998957353_4083b37cfb_o	10998447116_36332d0642_o	10998140725_fb44ede0d5_o	10998347964_f16de69ef2_o	11000077834_0860a1489b_o
10999395524_9c3a0e60a0_o	10998519356_64670f0cd2_o	10999999536_7fc88a2cc2_o	11000086354_a52e70c7be_o	11000111344_8d275c35f8_o
10998908875_a33a1f49d1_o	10999929046_ce81c5128d_o	10999828275_cab4809a46_o	10999664446_91b32dfafe_o	10999740313_c1d46588b1_o
10999072045_0c9717b58a_o	10999584364_481c8d672f_o	10999363305_db9784db93_o	10999185916_01bb999305_o	10999376655_de2481e4fa_o
10998349463_f2acd748d2_o	10998404153_20c0a00d2d_o	10998142865_961a209bc6_o	10998403633_7a3d75eb9c_o
10999597843_f3b831524d_o	10999485176_c6d7c49b71_o	10999371815_cc00024632_o	10998491044_66778737ec_o
10998668055_2019327183_o	10999636504_0e1deb578b_o	10999346105_b47327ab4d_o	10998405943_1fa5629b30_o
10999484633_f1f4bc0ee5_o	10998622496_7a13ba3179_o	10999618265_147ea959a0_o	10999785545_2a17e28b26_o
10999685245_80f71d412d_o	10999704076_138cd5a32c_o	10999620794_e2d2b0184c_o	10999300953_d991082c37_o
10998413104_5a98a148bc_o	10998318096_263182f871_o	10998634224_a6173c6c73_o	10999215284_2ac1e868d6_o
10998504103_374ae46f0b_o	10999250463_2c47c5dc77_o	10998344886_9099b3f434_o	10998501923_f49c8e6810_o
10999054444_d3661ecffa_o	10998412513_bc41bf5156_o	10999881543_c901b6922d_o	10999102336_3dba7eed73_o
10998969175_9c0393d18c_o	10999042196_aeda5eec67_o	10999126054_7a30d9475f_o	10999037876_65131f92e4_o
10999422096_1ed3d2643f_o	10999330385_223c757815_o	10999095113_f9cf6dccc2_o	10999344125_9f76494b57_o
10999784633_c3aa29ee90_o	10999604616_7da605e555_o	10999664964_f07333e506_o	10999578676_3e96a391b8_o
10998773596_44981310c0_o	10998312773_bbe9e2fc6b_o	10998287326_dde218640e_o	10999653146_5b9af4da67_o
10998338086_b2229d7439_o	10998473853_267db3635a_o	10998507786_2c7786f667_o	10998446165_cf6d9c80a4_o
10998881576_5a700b8035_o	10998356676_7cba749cec_o	10999438674_82288c2c82_o	10999179444_5657b040c0_o
10999174094_1f628ba388_o	10999089104_039a69ec8a_o	10998974356_1ebccdb557_o
10999042904_6ecac33509_o	10998920455_260e759fa7_o	10998854536_c1becbdd2a_o
10998393364_9ac157855d_o	10999348934_6b11c50c60_o	10999284653_647afb7427_o
11000161464_42a20cb9e1_o	10999048405_060af0edc3_o	10999964205_0408f7f651_o
10998950813_f3b964d1e2_o	10999419525_9891f17d8c_o	10999433286_1d3978d9a4_o
10999683344_3061f96cfb_o	10998978894_49f2529e6a_o	10999595016_3fa8cc27b7_o
10998909884_4f8cdf8b55_o	10998739555_5fd075588f_o	10999503944_ae8f7f7c86_o
10999558833_416848fd6f_o	10998433403_5ea532cb6d_o	10998314186_aa55a079b1_o
10999469424_19184ac608_o	11000054826_ce73572a0c_o	10999973465_c693ce0e42_o
10999487083_55f8320c11_o	10999418954_70abc409ab_o	10999270445_d6600c744f_o
10998799625_f0d52cde4f_o	11000144614_bec661bb5f_o	10998466436_b4ef49340e_o
10999061495_9b1b00e35a_o	10998410326_7afdab9a35_o	10999624306_97b9f7266e_o
10998340544_2d7c3f177e_o	10998499113_b8dff54b33_o	10998949743_52ef63d85c_o
10998572653_3e8b56ef8a_o	10998237965_401541f6e6_o	10998598523_fdc78ae278_o
10998919955_c463c2aaba_o	10998515356_37bb5dd017_o	10999576765_24ca0c1519_o
10998471624_fcc3a23028_o	10998504314_5277345dba_o	10998452536_db8a77b8ac_o
10999432505_f3c9882abd_o	10999569613_16dab022ea_o	10999396065_0e3ae223f6_o
10998219276_2f9788b294_o	10998256065_be73c52c59_o	10998330763_2791a46898_o
10999093483_885319f53e_o	10998916306_2647b84d4a_o	10998991826_09509fe8f7_o
10999696844_c14c5d1501_o	10999034316_6341da3c50_o
10999687785_352f9f1a36_o	10999633513_db024b716a_o
10999915846_a3577b9aeb_o	10998554033_3b3ff661c2_o
10998326404_a2b32e9ea3_o	10999847183_c5dbd51106_o
10999060605_7aaa69f170_o	10999076905_fc650fc2cf_o
10999772914_80bf4262c2_o	10998090545_ba532dc156_o
10998618994_0ed3a60fe5_o	10999508454_4ed6a45f8d_o
10999674924_6c67f1a897_o	10998767096_4de7f96d40_o
10999005053_9689bb6b0b_o	10999542866_e145c83965_o
10998558725_7cecea2603_o	10998538875_1cbf0b55e5_o
10998442336_3d6489da7d_o	10998330205_e59d07f66b_o
10999335196_287400f648_o	10998590156_7435efe60d_o
10999485393_1dbd57ce9e_o	10998878546_7c614c0557_o
10999734634_fb9269072a_o	10999112714_2c9f6d60d2_o
10998761615_15847d4265_o	10998780614_0bbc42ca03_o
10999533423_d3e601f020_o	10999514135_b8fed48295_o
10998998665_2184c4ab65_o	10998750255_f181966593_o
10999807443_143bd1e355_o	10999622976_8fa62156f4_o
10999137084_f7a1b12d29_o	10999388395_0a350a54d6_o
10998687785_80e6dffd52_o	10998696145_45db929345_o
10998485344_3312e295bc_o	10998439846_72647f964b_o
10999062045_63471aa950_o	10998456834_555935c319_o
10999808024_d7bb1a3d9d_o	10999247583_53fcb72221_o
10999134085_458b9c83d8_o	10998880585_7d6f6bc521_o
10998930575_012d35967e_o	10999145103_c114046a02_o
10999822324_eba1056f97_o	10999971963_5a5b968a40_o
10998768306_fc2ffa8816_o	10998395713_86aa39e690_o
10998973205_4783d1bba2_o	10998878374_62f86034e1_o
10998369935_59fe94c8ce_o	10998492574_bd5a906b54_o
10998596083_36434cf185_o	10999072464_d2b64ea5bc_o
10999400333_1df824c2e7_o	10998781093_c45d12bbde_o
10998419434_f6e1164731_o
10998825813_c70ba07331_o
10998385835_d6229bee6a_o
10999737455_dd10f6ff7b_o
10998772475_b421183cdf_o
10998408284_a2f07fd043_o
10999669946_1e29b8331a_o
10999338466_ccbb4c7d73_o
10998930925_d56440cf6d_o
10998161545_9cfd81d265_o
10998484846_fcbb8107a3_o
10998443783_156312df8f_o
10999110496_453709e9f6_o
10999316614_2b7bd32dde_o
10998376496_3070a3192b_o
10999766346_4d3875d015_o
10999301726_7dcc331a4c_o
10998914313_08682bfb96_o
10998735416_8c057504c0_o
10999463933_8ed6cd5b58_o
10998326366_ede5ea00bf_o
10999666835_78250ac68a_o
10999477935_b14afcd253_o
10999584805_95ecaec04a_o
10999743453_ea31fc559b_o
10999537753_6e89956b1a_o
10998738094_a04d8c08c0_o
10999065415_cc637f61ba_o
10999395766_2079c57f67_o
